x,y,color,fill
20,184.5402336,a,a1
20,189.1964111,a,a1
20,193.8522911,a,a1
20,198.5087547,a,a1
20,203.1647491,a,a1
20,207.8204117,a,a1
20,212.4764633,a,a1
20,217.1326752,a,a1
20,221.7884979,a,a1
20,226.4447098,a,a1
20,231.1008759,a,a1
20,235.7567902,a,a1
20,240.4132767,a,a1
20,245.069191,a,a1
20,249.7251053,a,a1
20,254.3813858,a,a1
20,259.0374603,a,a1
20,263.6938324,a,a1
20,268.349884,a,a1
20,273.0061417,a,a1
20,277.6621475,a,a1
20,282.3185425,a,a1
20,286.9746399,a,a1
20.01542859,291.6303024,a,a1
20.44119965,296.2635574,a,a1
21.44815755,300.8061523,a,a1
23.00407302,305.1916885,a,a1
25.06077588,309.3659439,a,a1
27.55508327,313.2949982,a,a1
30.42567563,316.9587326,a,a1
33.61487722,320.3488159,a,a1
37.07124472,323.4669189,a,a1
40.75136709,326.3173904,a,a1
44.61806107,328.9097748,a,a1
48.64009571,331.2537994,a,a1
52.79212093,333.3596725,a,a1
56.0020628,332.7431335,a,a1
56.00202274,328.0871506,a,a1
56.00198269,323.4312363,a,a1
56.00193977,318.7752762,a,a1
56.00189972,314.1190872,a,a1
56.00185966,309.46315,a,a1
56.00181961,304.8069611,a,a1
56.00177956,300.1508865,a,a1
56.00173664,295.4948349,a,a1
56.00169659,290.8388062,a,a1
56.00165653,286.1828232,a,a1
56.00161648,281.5266342,a,a1
56.00157642,276.8706512,a,a1
56.00153637,272.2144623,a,a1
56.00149345,267.558548,a,a1
56.0014534,262.9025421,a,a1
56.00141335,258.2463531,a,a1
56.00137329,253.5903473,a,a1
56.00133324,248.9341583,a,a1
56.00129032,244.2781296,a,a1
56.00125027,239.6219406,a,a1
54.45384884,235.5587158,a,a1
51.54200268,231.9272766,a,a1
48.92583752,228.076889,a,a1
46.64059544,224.0217896,a,a1
44.7243681,219.780014,a,a1
43.21145058,215.3785934,a,a1
42.13343716,210.8508987,a,a1
41.51401997,206.2382889,a,a1
41.36581612,201.5866318,a,a1
37.56958628,199.1026917,a,a1
33.68972015,196.5295792,a,a1
29.96707296,193.733696,a,a1
26.42451,190.7137718,a,a1
23.09216177,187.4630547,a,a1
68.0013504,250.7080612,a,a2
68.00139046,255.3642502,a,a2
68.00143051,260.0203476,a,a2
68.00147057,264.676445,a,a2
68.00151062,269.3325424,a,a2
68.00155067,273.9885254,a,a2
68.00159073,278.6445313,a,a2
68.00163078,283.3007202,a,a2
68.00167656,287.9567032,a,a2
68.00171661,292.6128006,a,a2
68.00175667,297.2688065,a,a2
68.00179672,301.9248123,a,a2
68.00183678,306.5810013,a,a2
68.00187683,311.23703,a,a2
68.00191689,315.893013,a,a2
68.00195694,320.5491333,a,a2
68.00199699,325.2053223,a,a2
68.00203705,329.8615112,a,a2
68.0020771,334.5176086,a,a2
68.00212288,339.1737061,a,a2
68.00216293,343.8296204,a,a2
68.00220299,348.4857178,a,a2
68.00224304,353.1417694,a,a2
68.0022831,357.7979126,a,a2
68.00232315,362.4540558,a,a2
68.0023632,367.1102219,a,a2
68.00240326,371.7662964,a,a2
70.59931374,375.2479782,a,a2
74.28436279,378.0923843,a,a2
78.15573311,380.677742,a,a2
82.18232536,383.0143051,a,a2
86.33786964,385.11306,a,a2
90.60193825,386.9817657,a,a2
94.95657539,388.6286621,a,a2
99.38596535,390.0618973,a,a2
103.8769646,391.2893677,a,a2
108.4177742,392.3172531,a,a2
112.9987011,393.1486893,a,a2
117.6098976,393.7907715,a,a2
122.243576,394.2441406,a,a2
126.8915367,394.5126419,a,a2
131.5464211,394.5984039,a,a2
136.2011452,394.4988174,a,a2
140.0023117,393.4343567,a,a2
140.0022774,388.7782822,a,a2
140.0022316,384.1221848,a,a2
140.0021973,379.4660873,a,a2
140.0021515,374.8099899,a,a2
140.0021172,370.1539383,a,a2
140.0020714,365.4978638,a,a2
140.0020256,360.8417664,a,a2
140.0019913,356.1855774,a,a2
140.0019455,351.5295486,a,a2
140.0019112,346.8734512,a,a2
140.0018654,342.2173538,a,a2
140.0018311,337.5612335,a,a2
140.0017853,332.9052277,a,a2
140.0017395,328.2491302,a,a2
140.0017052,323.5931244,a,a2
140.0016594,318.937027,a,a2
140.0016251,314.2810211,a,a2
140.0015793,309.6249237,a,a2
140.001545,304.9687347,a,a2
140.0014992,300.3127289,a,a2
140.0014534,295.656723,a,a2
140.0014191,291.0007172,a,a2
140.0013733,286.344574,a,a2
140.001339,281.6886139,a,a2
140.0012932,277.0327454,a,a2
140.0012589,272.3766022,a,a2
140.0012131,267.7206421,a,a2
137.9610062,265.2244797,a,a2
133.3074722,265.3745575,a,a2
128.6514549,265.3614426,a,a2
123.9988937,265.1847458,a,a2
119.3556366,264.8443069,a,a2
114.7272739,264.3388443,a,a2
110.1202831,263.6665955,a,a2
105.5411758,262.8252945,a,a2
100.9974251,261.8099747,a,a2
96.49669266,260.6185303,a,a2
92.04745293,259.2473221,a,a2
87.66027451,257.6887741,a,a2
83.34548569,255.9400253,a,a2
79.11580658,253.9947128,a,a2
74.98608589,251.8452377,a,a2
70.97233391,249.4864044,a,a2
152.0012474,270.6193848,a,a3
152.0012932,275.2754593,a,a3
152.0013275,279.9315567,a,a3
152.0013733,284.5876312,a,a3
152.0014076,289.2437286,a,a3
152.0014534,293.8998032,a,a3
152.0014877,298.5559006,a,a3
152.0015335,303.2119751,a,a3
152.0015678,307.8680725,a,a3
152.0016136,312.524147,a,a3
152.0016479,317.1802216,a,a3
152.0016937,321.836319,a,a3
152.0017281,326.4923935,a,a3
152.0017738,331.1484909,a,a3
152.0018082,335.8045654,a,a3
152.0018539,340.4606628,a,a3
152.0018883,345.1167374,a,a3
152.0019341,349.7728119,a,a3
152.0019798,354.4289093,a,a3
152.0020142,359.0849838,a,a3
152.0020599,363.7410812,a,a3
152.0020943,368.3971558,a,a3
152.00214,373.0532532,a,a3
152.0021744,377.7093277,a,a3
152.0022202,382.3654022,a,a3
152.0022545,387.0214996,a,a3
152.0023003,391.677597,a,a3
152.0023346,396.3336716,a,a3
154.9336128,399.5326157,a,a3
158.8069687,402.1148605,a,a3
162.8353233,404.4482422,a,a3
166.9926758,406.5433807,a,a3
171.2582207,408.4086761,a,a3
175.6139336,410.052597,a,a3
180.0443077,411.4832458,a,a3
184.5359306,412.7082214,a,a3
189.0772896,413.7336578,a,a3
193.6587257,414.5620728,a,a3
198.2704201,415.2009277,a,a3
202.9044075,415.6506805,a,a3
207.552597,415.9160461,a,a3
212.2076187,415.9990845,a,a3
216.8623199,415.8997498,a,a3
221.5096283,415.6187744,a,a3
226.1418304,415.1510315,a,a3
230.7513275,414.4963837,a,a3
235.3293533,413.6495209,a,a3
239.8670731,412.6079254,a,a3
244.3534546,411.3639984,a,a3
248.7775116,409.9140778,a,a3
253.1257401,408.2505646,a,a3
257.3824615,406.3653564,a,a3
261.52948,404.2498474,a,a3
265.5456467,401.8956375,a,a3
269.4033127,399.2899323,a,a3
272.0023346,395.9207001,a,a3
272.0023117,391.2646255,a,a3
272.0022659,386.6085281,a,a3
272.0022202,381.9524765,a,a3
272.0021744,377.2963791,a,a3
272.0021286,372.6402817,a,a3
272.0021057,367.9841843,a,a3
272.0020599,363.3281097,a,a3
272.0020142,358.6719894,a,a3
272.0019684,354.0159149,a,a3
272.0019226,349.3598404,a,a3
272.0018997,344.7037659,a,a3
272.0018539,340.0476685,a,a3
272.0018082,335.391571,a,a3
272.0017624,330.7354736,a,a3
272.0017166,326.0793762,a,a3
272.0016937,321.4233246,a,a3
272.0016479,316.7672729,a,a3
272.0016022,312.1111755,a,a3
272.0015564,307.4551239,a,a3
272.0015106,302.7990265,a,a3
272.0014877,298.1429291,a,a3
272.001442,293.4868317,a,a3
272.0013962,288.83078,a,a3
272.0013504,284.1746826,a,a3
272.0013046,279.5185852,a,a3
272.0012817,274.8625336,a,a3
271.6498795,270.8319016,a,a3
267.612381,273.1497421,a,a3
263.4620895,275.2590256,a,a3
259.2151184,277.1665726,a,a3
254.8852921,278.8776474,a,a3
250.4848557,280.3980179,a,a3
246.0249786,281.7342529,a,a3
241.5148392,282.8897629,a,a3
236.9631805,283.8688736,a,a3
232.3779678,284.6762772,a,a3
227.7661362,285.3147888,a,a3
223.1341629,285.7859879,a,a3
218.4883881,286.0924606,a,a3
213.8347855,286.2364731,a,a3
209.1789742,286.2192612,a,a3
204.5265617,286.0407333,a,a3
199.883316,285.699379,a,a3
195.2550392,285.1935043,a,a3
190.6481743,284.5199738,a,a3
186.0695076,283.6759491,a,a3
181.5260773,282.6595078,a,a3
177.0256424,281.4668961,a,a3
172.5777245,280.0914078,a,a3
168.191124,278.5315781,a,a3
163.8779259,276.7788925,a,a3
159.6501808,274.829277,a,a3
155.5222969,272.6763687,a,a3
356.0015335,248.1172791,a,a4
356.0015793,252.7734222,a,a4
356.0016251,257.4295197,a,a4
356.0016708,262.0855255,a,a4
356.0016937,266.7416916,a,a4
356.0017395,271.3978348,a,a4
356.0017853,276.0539093,a,a4
356.0018311,280.7099609,a,a4
356.0018539,285.3660583,a,a4
356.0018997,290.0221786,a,a4
356.0019455,294.6782074,a,a4
356.0019913,299.3343277,a,a4
356.002037,303.9903793,a,a4
356.0020599,308.6464539,a,a4
356.0021057,313.3025284,a,a4
356.0021515,317.9586487,a,a4
356.0021973,322.6148376,a,a4
356.0022202,327.2708893,a,a4
356.0022659,331.9268951,a,a4
356,336.5807037,a,a4
356,341.2368011,a,a4
356,345.8928299,a,a4
356,350.5489273,a,a4
356,355.2050247,a,a4
356.0025177,359.8586044,a,a4
356.0025635,364.5146103,a,a4
356.0025864,369.1707764,a,a4
355.362587,373.5456924,a,a4
351.7970657,376.5383224,a,a4
348.0257797,379.2674637,a,a4
344.0816193,381.7404633,a,a4
339.9956665,383.9715805,a,a4
335.789505,385.9668579,a,a4
331.483345,387.7364807,a,a4
327.0941238,389.2888031,a,a4
322.6357117,390.6296844,a,a4
318.1212463,391.7677536,a,a4
313.5616455,392.7089386,a,a4
308.9661102,393.455574,a,a4
304.3440933,394.014183,a,a4
299.7031708,394.3857727,a,a4
295.0511703,394.5726318,a,a4
290.3953705,394.5772781,a,a4
285.7430954,394.3968735,a,a4
284.0023117,391.3716736,a,a4
284.0022659,386.7155762,a,a4
284.0022202,382.0595703,a,a4
284.0021744,377.4034729,a,a4
284.0021515,372.7473984,a,a4
284.0021057,368.091301,a,a4
284.0020599,363.4351807,a,a4
284.0020142,358.7790833,a,a4
284.0019684,354.1229858,a,a4
284.0019455,349.46698,a,a4
284.0018997,344.8109055,a,a4
284.0018539,340.1547852,a,a4
284.0018082,335.4987793,a,a4
284.0017624,330.8426361,a,a4
284.0017395,326.1866302,a,a4
284.0016937,321.5305328,a,a4
284.0016479,316.8744354,a,a4
284.0016022,312.218338,a,a4
284.0015564,307.5622406,a,a4
284.0015335,302.9060974,a,a4
284.0014877,298.2500458,a,a4
284.001442,293.5939941,a,a4
284.0013962,288.9378967,a,a4
284.0013504,284.2817535,a,a4
284.0013275,279.6257019,a,a4
284.0012817,274.9696045,a,a4
284.001236,270.3135757,a,a4
284.0011902,265.6575012,a,a4
288.10289,265.3105621,a,a4
292.7580719,265.3882217,a,a4
297.4131165,265.3031464,a,a4
302.0623245,265.0548325,a,a4
306.6998138,264.641037,a,a4
311.3194275,264.0614395,a,a4
315.9148254,263.3140259,a,a4
320.4792099,262.3963242,a,a4
325.0048904,261.3038025,a,a4
329.4836731,260.0325012,a,a4
333.9069061,258.5795593,a,a4
338.263237,256.9370346,a,a4
342.5418167,255.1013336,a,a4
346.7290039,253.0662766,a,a4
350.8095093,250.8247452,a,a4
354.765274,248.3702164,a,a4
404,185.0895157,a,a5
404,189.7456131,a,a5
404,194.4017105,a,a5
404,199.0578079,a,a5
404,203.7138252,a,a5
404,208.3699226,a,a5
404,213.0260086,a,a5
404,217.6820831,a,a5
404,222.3381805,a,a5
404,226.994278,a,a5
404,231.6503525,a,a5
404,236.3063583,a,a5
404,240.9624557,a,a5
404,245.6185532,a,a5
404,250.2746277,a,a5
404,254.9307251,a,a5
404,259.5867996,a,a5
404,264.242897,a,a5
404,268.8990173,a,a5
404,273.5550919,a,a5
404,278.2112122,a,a5
404,282.8671265,a,a5
404,287.5231323,a,a5
403.9649124,292.1788635,a,a5
403.4698868,296.8051834,a,a5
402.3961792,301.3325119,a,a5
400.7781677,305.6955261,a,a5
398.6668015,309.8428421,a,a5
396.1247711,313.7413864,a,a5
393.2141724,317.3734207,a,a5
389.9900742,320.7307053,a,a5
386.5050507,323.8165131,a,a5
382.8013077,326.6363602,a,a5
378.9154892,329.1999512,a,a5
374.8759995,331.5142212,a,a5
370.7098236,333.5918274,a,a5
368.0022659,332.1892166,a,a5
368.002243,327.5331192,a,a5
368.0021973,322.8770676,a,a5
368.0021515,318.2209015,a,a5
368.0021057,313.5649185,a,a5
368.0020599,308.9088669,a,a5
368.002037,304.2527695,a,a5
368.0019913,299.5966721,a,a5
368.0019455,294.9405975,a,a5
368.0018997,290.2844543,a,a5
368.0018539,285.6283798,a,a5
368.0018311,280.9723511,a,a5
368.0017853,276.3161621,a,a5
368.0017395,271.6601563,a,a5
368.0016937,267.0041504,a,a5
368.0016708,262.3479614,a,a5
368.0016251,257.6919556,a,a5
368.0015793,253.0357895,a,a5
368.0015335,248.3797607,a,a5
368.0014877,243.7235947,a,a5
368.0014648,239.0675659,a,a5
369.9070892,235.1368179,a,a5
372.7858963,231.4787369,a,a5
375.3654175,227.6042023,a,a5
377.6077042,223.5251846,a,a5
379.4781494,219.2632446,a,a5
380.9411392,214.8447952,a,a5
381.9649277,210.3045807,a,a5
382.5285034,205.6847725,a,a5
382.9012375,201.1904373,a,a5
386.9002609,198.8069077,a,a5
390.762413,196.2071648,a,a5
394.465538,193.3863335,a,a5
397.9836349,190.3376846,a,a5
401.289238,187.0603371,a,a5
214.0261078,29.76727843,b,b
218.6784286,29.93324709,b,b
223.3207703,30.2786777,b,b
227.9463348,30.80454302,b,b
232.5469971,31.51665092,b,b
237.1144714,32.41654062,b,b
241.6389847,33.51077318,b,b
246.1111298,34.80309296,b,b
250.5181808,36.30236769,b,b
254.8467026,38.01562691,b,b
259.0802383,39.95115614,b,b
263.1990585,42.11994171,b,b
267.1799088,44.5326252,b,b
270.9946136,47.19989681,b,b
274.6086349,50.13288593,b,b
278.6318283,51.42676353,b,b
283.2654266,50.97659588,b,b
287.9128494,50.70538807,b,b
292.5671158,50.61375809,b,b
297.2217941,50.70128536,b,b
301.8695145,50.96706581,b,b
306.5032043,51.41388035,b,b
311.1157455,52.04451561,b,b
315.6989441,52.85999298,b,b
320.2436447,53.86866379,b,b
324.7405548,55.07211018,b,b
329.1781387,56.47882366,b,b
333.5430069,58.09665775,b,b
337.820488,59.93318844,b,b
341.9926834,61.99760818,b,b
346.0373917,64.30167294,b,b
349.9298248,66.85425758,b,b
353.6365662,69.66913223,b,b
357.1203766,72.75596428,b,b
360.3342209,76.12227249,b,b
363.2260056,79.7685833,b,b
365.7332458,83.688797,b,b
367.7904358,87.86235428,b,b
369.3287964,92.25297737,b,b
370.2891617,96.80488777,b,b
370.6287766,101.4444942,b,b
370.3323746,106.0868702,b,b
370.6421204,110.0541992,b,b
374.8299713,112.0866985,b,b
378.8946152,114.3554783,b,b
382.8103714,116.8719711,b,b
386.5470734,119.6476784,b,b
390.0659714,122.6937408,b,b
393.323349,126.0183868,b,b
396.2644119,129.6252556,b,b
398.8272476,133.5092545,b,b
400.943924,137.6531258,b,b
402.5452271,142.0217476,b,b
403.5727463,146.5592728,b,b
403.9900894,151.1926651,b,b
403.7872086,155.8405914,b,b
402.9685211,160.4200706,b,b
401.5603485,164.854393,b,b
399.61586,169.08144,b,b
397.1996918,173.058239,b,b
394.3824081,176.7622223,b,b
391.2291718,180.1850014,b,b
387.7945251,183.3264618,b,b
384.1286621,186.1952667,b,b
380.2712936,188.8007317,b,b
376.2548981,191.1538086,b,b
372.1068039,193.2666626,b,b
370.0827332,196.3183212,b,b
370.5976944,200.941803,b,b
370.4787216,205.5923843,b,b
369.7301636,210.1835251,b,b
368.3855515,214.6374741,b,b
366.5012131,218.891449,b,b
364.1418762,222.9020309,b,b
361.3765945,226.6443863,b,b
358.2686081,230.108696,b,b
354.8728027,233.2910004,b,b
351.2384796,236.1994934,b,b
347.4065857,238.8427582,b,b
343.410881,241.2300644,b,b
339.2806396,243.3768387,b,b
335.0375824,245.2918701,b,b
330.70121,246.9840164,b,b
326.2873383,248.4626389,b,b
321.810318,249.7362976,b,b
317.2807007,250.8117218,b,b
312.7096558,251.6936035,b,b
308.1067734,252.3880997,b,b
303.4798355,252.8986206,b,b
298.8359833,253.2266769,b,b
294.1829987,253.3760681,b,b
289.5274963,253.347023,b,b
284.8766403,253.1377106,b,b
280.2376633,252.7497787,b,b
275.8089828,252.7865829,b,b
272.2729874,255.814003,b,b
268.5237198,258.5728302,b,b
264.5960846,261.0714188,b,b
260.5222397,263.3242569,b,b
256.3262177,265.3391266,b,b
252.0288239,267.1282959,b,b
247.6475449,268.700943,b,b
243.1960678,270.0639114,b,b
238.6884003,271.2261276,b,b
234.1347275,272.1931763,b,b
229.5445709,272.9694061,b,b
224.9269714,273.5595322,b,b
220.2896881,273.9682007,b,b
215.6399307,274.194931,b,b
210.9847488,274.2455139,b,b
206.3311234,274.1177292,b,b
201.6858406,273.8115768,b,b
197.0557442,273.3255234,b,b
192.4490852,272.6536179,b,b
187.8739204,271.7952423,b,b
183.3386841,270.7432785,b,b
178.8541451,269.4948425,b,b
174.4319878,268.0406418,b,b
170.0855217,266.3746338,b,b
165.8298988,264.488121,b,b
161.6839218,262.3716965,b,b
157.6715317,260.0123825,b,b
153.817688,257.4020767,b,b
150.1564369,254.5276871,b,b
146.3713264,252.4513168,b,b
141.7416763,252.9409637,b,b
137.0968971,253.2513275,b,b
132.4430542,253.3813324,b,b
127.7878838,253.3327866,b,b
123.1375885,253.1061478,b,b
118.4997101,252.6982803,b,b
113.8818588,252.107811,b,b
109.2913647,251.3328857,b,b
104.7377777,250.3662033,b,b
100.2295952,249.2058868,b,b
95.77810097,247.843605,b,b
91.39641571,246.2721024,b,b
87.09830666,244.4836884,b,b
82.90153503,242.4692307,b,b
78.82706642,240.2185898,b,b
74.89932251,237.7206192,b,b
71.14916229,234.9636917,b,b
67.61402798,231.9364548,b,b
64.33687782,228.6319275,b,b
61.37102985,225.0455322,b,b
58.77450275,221.1836777,b,b
56.613801,217.0629578,b,b
54.95715141,212.7153931,b,b
53.86709595,208.1927681,b,b
53.39023209,203.5652237,b,b
53.54879284,198.9157639,b,b
54.28019047,194.3566895,b,b
50.06849861,192.3740349,b,b
45.97536469,190.1571198,b,b
42.02439499,187.6961136,b,b
38.2466445,184.9771233,b,b
34.67638111,181.9906731,b,b
31.35814238,178.7264175,b,b
28.3429904,175.181942,b,b
25.69262671,171.3567772,b,b
23.47436726,167.2663498,b,b
21.75553048,162.9427719,b,b
20.59905154,158.4363861,b,b
20.04763808,153.8166695,b,b
20.11547798,149.1653442,b,b
20.80145621,144.5642471,b,b
22.08559024,140.0924911,b,b
23.91983283,135.8166237,b,b
26.23862219,131.7823067,b,b
28.97428656,128.0180359,b,b
32.06106281,124.5348549,b,b
35.43851614,121.3317566,b,b
39.05741978,118.404747,b,b
42.87686682,115.743618,b,b
46.86083126,113.3359585,b,b
50.98217201,111.1723785,b,b
54.11086941,108.674551,b,b
53.46043587,104.0678349,b,b
53.4406147,99.41596603,b,b
54.05415535,94.80426025,b,b
55.27363205,90.31450272,b,b
57.04699707,86.0134182,b,b
59.30800056,81.94670868,b,b
61.99082756,78.14428329,b,b
65.0306673,74.62034416,b,b
68.36772156,71.37554932,b,b
71.95397949,68.40824509,b,b
75.74615669,65.70960808,b,b
79.70893097,63.26759624,b,b
83.81226158,61.06945229,b,b
88.0322361,59.10510254,b,b
92.34993744,57.36524296,b,b
96.7482338,55.8408556,b,b
101.2132034,54.52298832,b,b
105.7322121,53.40502644,b,b
110.2948856,52.48187447,b,b
114.8915024,51.74676609,b,b
119.5142174,51.19678879,b,b
124.1549797,50.82936764,b,b
128.8063736,50.64088917,b,b
133.4618301,50.63162518,b,b
138.1140022,50.80186749,b,b
142.7564125,51.15052891,b,b
147.3819427,51.679492,b,b
150.9397736,48.82032299,b,b
154.6460571,46.00469017,b,b
158.5375061,43.45003557,b,b
162.5815735,41.14506388,b,b
166.7526932,39.07873583,b,b
171.0296021,37.24145555,b,b
175.3942528,35.62281036,b,b
179.8315048,34.2150898,b,b
184.3277969,33.00962782,b,b
188.8724289,32.00044489,b,b
193.4554558,31.18342185,b,b
198.0676422,30.55300117,b,b
202.7013092,30.10517097,b,b
207.3488579,29.83947849,b,b
142.1889801,229.5157776,c,c
142.9222946,234.1062088,c,c
144.6971245,238.3931885,c,c
147.7561073,241.8680954,c,c
151.8449211,244.0479202,c,c
156.4066048,244.8830414,c,c
161.033989,244.4713516,c,c
165.5109062,243.2102585,c,c
169.7949791,241.3932343,c,c
173.8986588,239.1968613,c,c
177.5646019,238.9424591,c,c
180.8361359,242.2540131,c,c
184.2819748,245.383812,c,c
187.890377,248.324646,c,c
191.656662,251.0602875,c,c
195.5828781,253.5605927,c,c
199.6778374,255.7729187,c,c
203.9555817,257.60466,c,c
208.4289284,258.8773346,c,c
213.0588303,259.2129898,c,c
217.631752,258.384758,c,c
222.0155258,256.8267593,c,c
226.2079544,254.8061218,c,c
230.2247162,252.4543152,c,c
234.077507,249.8420639,c,c
237.7723923,247.0106125,c,c
241.3078842,243.9824142,c,c
244.6758575,240.7689362,c,c
247.9334412,237.8808136,c,c
251.948555,240.2357101,c,c
256.1320343,242.2751389,c,c
260.5036774,243.867424,c,c
265.0609665,244.7870026,c,c
269.7012253,244.6778488,c,c
274.10672,243.2260971,c,c
277.7946472,240.4272842,c,c
280.2624512,236.5054855,c,c
281.5191956,232.0341644,c,c
283.901947,229.8622131,c,c
288.5078964,230.5394974,c,c
293.1298447,231.0973282,c,c
297.7647934,231.5339203,c,c
302.4100418,231.8422012,c,c
307.0625687,232.0067215,c,c
311.7179108,232.0036087,c,c
316.3683548,231.7950974,c,c
320.997261,231.3070526,c,c
325.5575485,230.3847733,c,c
329.8430405,228.6104813,c,c
333.1849442,225.4099579,c,c
335.26548,221.2637863,c,c
336.2663574,216.7254028,c,c
336.4594879,212.0781403,c,c
336.0439987,207.4437065,c,c
335.1386337,202.8788071,c,c
333.8199081,198.4153824,c,c
337.5832291,197.5943375,c,c
342.2136917,197.120163,c,c
346.7841187,196.2458801,c,c
351.1743011,194.7183571,c,c
354.9365692,192.0305977,c,c
357.0998459,187.9487877,c,c
356.9809189,183.3608856,c,c
354.6641769,179.3551674,c,c
351.3432388,176.1018524,c,c
352.9989471,173.9446068,c,c
357.242897,172.0311546,c,c
361.4056854,169.9473801,c,c
365.4672852,167.672924,c,c
369.392128,165.1703529,c,c
373.1132431,162.3750305,c,c
376.4917908,159.1777687,c,c
379.1484451,155.3736267,c,c
379.8950348,150.8595734,c,c
377.9740524,146.6596489,c,c
374.8853378,143.186264,c,c
371.3114166,140.2063828,c,c
367.4787674,137.5654297,c,c
363.4811859,135.1805382,c,c
359.3659134,133.0043068,c,c
355.161377,131.0060196,c,c
350.8835526,129.1695404,c,c
353.0537643,126.3712425,c,c
355.9957886,122.7802925,c,c
357.3780975,118.3881645,c,c
356.2491379,113.9265022,c,c
353.2199326,110.4567623,c,c
349.0488586,108.422987,c,c
344.544281,107.2624588,c,c
339.9367752,106.6060658,c,c
335.2934265,106.2765789,c,c
334.5182953,103.4001865,c,c
335.6393814,98.8831749,c,c
336.3158875,94.27910805,c,c
336.4505157,89.62874413,c,c
335.8892517,85.01301003,c,c
334.3923645,80.61709976,c,c
331.6913986,76.85347557,c,c
327.7982559,74.35856628,c,c
323.3252411,73.09092712,c,c
318.7212372,72.4111824,c,c
314.0786667,72.0720253,c,c
309.4245148,71.97257614,c,c
304.7698822,72.05595207,c,c
300.1205597,72.29333115,c,c
295.4799347,72.66563034,c,c
290.8510513,73.16232681,c,c
286.2367249,73.77963257,c,c
281.7973099,74.3106041,c,c
281.0331192,69.72542572,c,c
279.2116547,65.45846176,c,c
276.106575,62.02480507,c,c
271.9897919,59.89711094,c,c
267.4192505,59.1124897,c,c
262.7951965,59.56292343,c,c
258.3254547,60.84925938,c,c
254.0487747,62.68362427,c,c
249.9512405,64.89145851,c,c
246.315979,64.93074036,c,c
243.03759,61.62581253,c,c
239.5856171,58.5027914,c,c
235.9713669,55.56908131,c,c
232.1994171,52.84114742,c,c
228.2667236,50.35117912,c,c
224.1654358,48.15078354,c,c
219.8804703,46.33564758,c,c
215.3996277,45.09058762,c,c
210.7671623,44.79915524,c,c
206.2002258,45.66230869,c,c
201.8237534,47.2409668,c,c
197.638546,49.27664757,c,c
193.6282959,51.63934326,c,c
189.7809982,54.2596941,c,c
186.0924187,57.0993166,c,c
182.5633698,60.13510799,c,c
179.2018623,63.35532951,c,c
175.9189644,66.02636337,c,c
171.8976707,63.68218136,c,c
167.7080116,61.65559006,c,c
163.3287354,60.08437634,c,c
158.7656097,59.1948328,c,c
154.1271133,59.35289001,c,c
149.7384529,60.85412025,c,c
146.0898476,63.70332718,c,c
143.6704865,67.65541267,c,c
142.4523087,72.13779449,c,c
139.9260368,74.11009216,c,c
135.3193893,73.4378376,c,c
130.6969833,72.88378906,c,c
126.061554,72.4523468,c,c
121.4160538,72.1495018,c,c
116.7633781,71.99077225,c,c
112.108139,72.00025368,c,c
107.4581356,72.21777153,c,c
102.8306198,72.71881104,c,c
98.27475548,73.66171265,c,c
94.01072693,75.48384094,c,c
90.71565819,78.73289299,c,c
88.68046379,82.90162086,c,c
87.71430206,87.44753456,c,c
87.54562759,92.09576988,c,c
87.98251152,96.72822952,c,c
88.90357208,101.2899303,c,c
90.23672295,105.7490005,c,c
86.24331284,106.4183941,c,c
81.61417198,106.9045963,c,c
77.04771042,107.797842,c,c
72.66916656,109.3565845,c,c
68.94980812,112.1003857,c,c
66.85777092,116.2193947,c,c
67.07357216,120.8038864,c,c
69.44767761,124.7776413,c,c
72.79010201,128.0094299,c,c
70.84123039,130.123497,c,c
66.60046768,132.0439644,c,c
62.44074345,134.1335754,c,c
58.3835268,136.4158134,c,c
54.46526718,138.9286728,c,c
50.75293541,141.7353821,c,c
47.3930788,144.9519272,c,c
44.77675629,148.7829514,c,c
44.13738918,153.3108521,c,c
46.12729073,157.480999,c,c
49.24176311,160.9315186,c,c
52.82742596,163.8974495,c,c
56.66742229,166.5277252,c,c
60.67001343,168.9046516,c,c
64.78899956,171.0732155,c,c
68.99660301,173.0651169,c,c
73.27703094,174.8955307,c,c
70.82175827,177.7490349,c,c
67.91707325,181.3692245,c,c
66.61776543,185.7848358,c,c
67.83298206,190.2260361,c,c
70.92217445,193.6424294,c,c
75.11548996,195.632019,c,c
79.62586403,196.7696877,c,c
84.2356472,197.4110718,c,c
88.87965393,197.7305336,c,c
89.43348503,200.7661133,c,c
88.32625198,205.286438,c,c
87.66842842,209.89328,c,c
87.55600166,214.5442505,c,c
88.14815903,219.1560822,c,c
89.68478584,223.5379333,c,c
92.43307877,227.2668076,c,c
96.36263084,229.705246,c,c
100.8445091,230.9428787,c,c
105.4509563,231.6069565,c,c
110.0944595,231.935173,c,c
114.7487888,232.0276642,c,c
119.4032669,231.9383316,c,c
124.0522461,231.6954193,c,c
128.6925049,231.3179016,c,c
133.3210106,230.8173828,c,c
137.9345474,230.1950989,c,c
88.74986076,180.1533813,d,d1
93.25806618,181.313858,d,d1
97.80542183,182.3112793,d,d1
96.41510201,185.6106224,d,d1
91.92386246,186.0676537,d,d1
87.26869202,186.0938263,d,d1
82.62168694,185.8418732,d,d1
82.18347549,184.0106812,d,d1
86.06262207,181.4393997,d,d1
86.74541664,122.9716034,d,d2
82.82951164,120.455677,d,d2
81.83061981,118.2537537,d,d2
86.47218895,117.9231796,d,d2
91.12742805,117.9146194,d,d2
95.78014946,118.072216,d,d2
98.58717918,121.5344772,d,d2
94.03383827,122.5033569,d,d2
89.51849174,123.6371002,d,d2
154.3317909,73.47717094,d,d3
157.7136002,71.04221725,d,d3
162.2123413,72.15345001,d,d3
166.3946304,74.19099617,d,d3
168.5209198,77.06378937,d,d3
166.2116508,80.71598244,d,d3
161.8149223,79.18598175,d,d3
157.3551483,77.85065651,d,d3
255.7909088,75.26070404,d,d4
259.8624649,73.00710487,d,d4
264.2077179,71.35878372,d,d4
268.6988602,71.63800812,d,d4
269.9917908,76.00027847,d,d4
266.4302292,77.91061211,d,d4
261.9731903,79.25451469,d,d4
257.5801468,80.79392242,d,d4
255.3680954,76.87075615,d,d4
331.288887,117.9537582,d,d5
335.9439087,117.8958168,d,d5
340.594696,118.083992,d,d5
342.4441757,119.5144463,d,d5
338.6076355,122.1481781,d,d5
334.4833679,123.6364021,d,d5
329.9680099,122.5032082,d,d5
325.4144745,121.534729,d,d5
335.9681702,180.2806969,d,d6
339.9415131,182.7052422,d,d6
343.6341095,185.4859962,d,d6
339.0146103,186.0200005,d,d6
334.3602295,186.104126,d,d6
329.7060089,185.9915733,d,d6
326.2508316,183.6505013,d,d6
328.51548,181.8255234,d,d6
333.043335,180.7428093,d,d6
269.9234695,229.0587463,d,d7
267.7648163,232.8365555,d,d7
263.1868134,232.3503418,d,d7
258.9137497,230.5166321,d,d7
254.8905334,228.1769333,d,d7
256.9567642,224.1345139,d,d7
260.7719727,224.3484497,d,d7
265.2140427,225.741539,d,d7
269.7062149,226.9624405,d,d7
165.464386,230.318924,d,d8
161.2179642,232.216011,d,d8
156.6548386,232.9117661,d,d8
154.1281891,229.4823608,d,d8
156.1346474,226.4832535,d,d8
160.6080055,225.1951065,d,d8
165.0238457,223.7221146,d,d8
167.9071617,225.8289719,d,d8
176.172451,89.98110199,e,e
177.5749588,85.55324554,e,e
179.8076096,81.47049713,e,e
182.5072937,77.67757607,e,e
185.516037,74.12380219,e,e
188.7561798,70.77918625,e,e
192.1904488,67.63406658,e,e
195.8002586,64.69215965,e,e
199.586834,61.9819355,e,e
203.5695496,59.57041931,e,e
207.7993431,57.63118362,e,e
212.3446274,56.75918961,e,e
216.8457718,57.87471962,e,e
221.0341949,59.90362549,e,e
224.9854507,62.36668587,e,e
228.7454529,65.11374569,e,e
232.3291931,68.08737564,e,e
235.7360306,71.26216698,e,e
238.9455948,74.6360569,e,e
241.9146729,78.22297287,e,e
244.558075,82.05511856,e,e
246.6985321,86.18623543,e,e
247.9777756,90.65376854,e,e
250.7833176,94.22245407,e,e
255.2854462,94.80877495,e,e
259.5372696,92.92045975,e,e
263.8739166,91.22415352,e,e
268.3018417,89.78175163,e,e
272.7918854,88.54547501,e,e
277.3272705,87.48726273,e,e
281.8962097,86.58455276,e,e
286.4909668,85.82393265,e,e
291.1060257,85.19810677,e,e
295.7365341,84.6991272,e,e
300.3794479,84.33309937,e,e
305.0312195,84.10723877,e,e
309.6878204,84.02993965,e,e
314.3439407,84.12620163,e,e
318.9873123,84.47507477,e,e
323.4807892,85.56735039,e,e
324.9202499,89.84742355,e,e
324.5224304,94.48032379,e,e
323.4400253,99.00756645,e,e
321.8946609,103.3992825,e,e
319.9532394,107.6310558,e,e
317.6270676,111.6639767,e,e
314.9072418,115.442009,e,e
311.7669601,118.8773422,e,e
308.270607,121.9482269,e,e
306.7926941,126.2350235,e,e
308.7269058,130.3490372,e,e
312.9910889,131.9362526,e,e
317.6241379,132.4066391,e,e
322.2256927,133.1231651,e,e
326.7888641,134.05373,e,e
331.3092117,135.1742783,e,e
335.7816315,136.4730682,e,e
340.2024841,137.9377518,e,e
344.5669632,139.5627327,e,e
348.8691406,141.3461685,e,e
353.1002045,143.2922935,e,e
357.2456207,145.4144058,e,e
361.275589,147.7478333,e,e
365.1220398,150.370842,e,e
367.4318237,151.8132553,e,e
363.7324066,154.6399345,e,e
359.804863,157.1411095,e,e
355.7273331,159.3907204,e,e
351.5480881,161.4455185,e,e
347.2891693,163.3299141,e,e
342.9633484,165.0553513,e,e
338.5775604,166.6220245,e,e
334.1371613,168.0263977,e,e
329.6462936,169.2598419,e,e
325.1098328,170.3133278,e,e
320.5316696,171.1666908,e,e
315.917572,171.7966995,e,e
311.2885513,172.2763214,e,e
307.6507263,174.9830551,e,e
306.9303894,179.4718971,e,e
309.5593719,183.1842117,e,e
312.9760513,186.3436279,e,e
315.958519,189.917366,e,e
318.5307388,193.7976456,e,e
320.7138138,197.9098053,e,e
322.5129852,202.203949,e,e
323.8994598,206.6481705,e,e
324.7703781,211.2198448,e,e
324.7587967,215.8616943,e,e
321.8850021,219.0439987,e,e
317.2773132,219.6931534,e,e
312.6265259,219.9333191,e,e
307.9694672,219.9598236,e,e
303.3141022,219.8261566,e,e
298.6650543,219.5488892,e,e
294.0263977,219.1314087,e,e
289.4011765,218.5856857,e,e
284.7930298,217.9110336,e,e
280.2067871,217.1001053,e,e
275.6491776,216.1416397,e,e
271.1291504,215.0197067,e,e
266.6591797,213.7132034,e,e
262.2607346,212.1831055,e,e
257.9692688,210.376049,e,e
253.5847855,208.9918175,e,e
249.4284058,210.8248405,e,e
247.6219788,215.0267334,e,e
245.9854507,219.3766785,e,e
243.6289291,223.3901443,e,e
240.8519745,227.1271896,e,e
237.7866058,230.6325378,e,e
234.5006866,233.9321899,e,e
231.0270615,237.0337448,e,e
227.3793259,239.9284592,e,e
223.5515747,242.5801468,e,e
219.5195923,244.9077148,e,e
215.2247849,246.6939545,e,e
210.6327629,247.1329956,e,e
206.2049294,245.7288055,e,e
202.0751457,243.5814819,e,e
198.1682701,241.0483551,e,e
194.4482765,238.247345,e,e
190.9025421,235.2282791,e,e
187.5364914,232.0102463,e,e
184.3759079,228.5904999,e,e
181.4691315,224.9529953,e,e
178.9160461,221.0604706,e,e
176.9293289,216.854538,e,e
175.6593781,212.3848419,e,e
172.2833481,209.3478088,e,e
167.7480774,209.5404243,e,e
163.5149422,211.4800491,e,e
159.154377,213.1144028,e,e
154.7108421,214.5076752,e,e
150.2096176,215.7025757,e,e
145.6659813,216.7254028,e,e
141.0907478,217.5958633,e,e
136.4909668,218.3251495,e,e
131.8721657,218.9228287,e,e
127.2386589,219.3933868,e,e
122.5935364,219.7292023,e,e
117.9402885,219.9235001,e,e
113.2831554,219.9652939,e,e
108.6282082,219.8237762,e,e
103.9922295,219.3923798,e,e
99.84778023,217.6626511,e,e
99.08348083,213.123764,e,e
99.66980743,208.5089569,e,e
100.8645248,204.0097923,e,e
102.5007496,199.6511154,e,e
104.5282936,195.4599686,e,e
106.9390602,191.4772415,e,e
109.7497692,187.766552,e,e
112.9857006,184.4216499,e,e
116.3463898,181.230442,e,e
117.0584183,176.7484665,e,e
114.4607067,173.0223389,e,e
109.9834747,171.9833183,e,e
105.3567429,171.4547157,e,e
100.7629986,170.6891518,e,e
96.20887947,169.7144012,e,e
91.69870567,168.5536156,e,e
87.23723221,167.2176666,e,e
82.8285675,165.7170601,e,e
78.47724915,164.0567741,e,e
74.18978882,162.2379761,e,e
69.97591972,160.2549438,e,e
65.85292244,158.0899277,e,e
61.85455132,155.7027016,e,e
58.06914043,152.9930611,e,e
57.38628864,151.5633163,e,e
61.11813831,148.7805138,e,e
65.08575058,146.3428078,e,e
69.18848038,144.1397057,e,e
73.3867054,142.1238632,e,e
77.66119385,140.2750473,e,e
82.00097656,138.5848007,e,e
86.39927292,137.05373,e,e
90.85096169,135.6856804,e,e
95.35244942,134.4913063,e,e
99.89840317,133.4800262,e,e
104.4850922,132.673687,e,e
109.1061363,132.0973969,e,e
113.6847458,131.3932533,e,e
116.7988777,128.0925713,e,e
116.752346,123.5505829,e,e
113.6471119,120.1603737,e,e
110.3278961,116.8984184,e,e
107.439539,113.2478962,e,e
104.9546432,109.3109684,e,e
102.8550587,105.1555099,e,e
101.1423073,100.826107,e,e
99.85651779,96.35173607,e,e
99.13145447,91.75564575,e,e
99.48979759,87.14039803,e,e
103.1227303,84.74711227,e,e
107.7491531,84.22992516,e,e
112.402338,84.0450058,e,e
117.0595169,84.05650139,e,e
121.7137718,84.2226181,e,e
126.3606453,84.53167152,e,e
130.996418,84.97841454,e,e
135.6184349,85.5518322,e,e
140.2223701,86.25557518,e,e
144.8025589,87.09891319,e,e
149.3528671,88.09128189,e,e
153.8629951,89.25200462,e,e
158.3192673,90.60417557,e,e
162.6977081,92.1901207,e,e
166.9577713,94.06940079,e,e
171.4357414,94.89084053,e,e
175.2204971,92.37838745,e,e
209.9518166,82.42205048,f,f
205.4830933,83.70119667,f,f
201.2902641,85.72057533,f,f
197.3540001,88.20632935,f,f
193.6612663,91.04226685,f,f
190.2171097,94.17555046,f,f
187.052475,97.59065628,f,f
184.2264938,101.2901821,f,f
181.3872833,104.1357956,f,f
176.9188232,102.8251495,f,f
172.386116,101.7563515,f,f
167.8094749,100.8942966,f,f
163.2007217,100.2252407,f,f
158.568531,99.74466896,f,f
153.9196892,99.46916389,f,f
149.2629967,99.43206787,f,f
144.6151962,99.7139473,f,f
140.0295029,100.504179,f,f
135.8336411,102.4412403,f,f
132.9594574,106.0561199,f,f
131.6297112,110.5000267,f,f
131.4655342,115.1460705,f,f
132.1335373,119.750515,f,f
133.4446297,124.2160912,f,f
135.300415,128.4848976,f,f
135.5269394,131.652359,f,f
131.0433273,132.9108658,f,f
126.6323051,134.4043884,f,f
122.3079491,136.1325035,f,f
118.0931931,138.1126175,f,f
114.0265007,140.3802071,f,f
110.1857548,143.0098877,f,f
106.7554626,146.1508217,f,f
104.3228207,150.0854607,f,f
104.5945892,154.6217842,f,f
107.2702694,158.4048004,f,f
110.7891216,161.4477501,f,f
114.6748428,164.0117188,f,f
118.7697792,166.2287483,f,f
123.0049973,168.164402,f,f
127.3445282,169.854248,f,f
131.7678299,171.3099709,f,f
136.2621307,172.5295677,f,f
134.9643936,176.1938972,f,f
133.1926079,180.4979172,f,f
131.9774971,184.9903641,f,f
131.4280663,189.610218,f,f
131.7554131,194.2464142,f,f
133.3146591,198.6120491,f,f
136.445488,202.0039978,f,f
140.7647858,203.6748238,f,f
145.3681374,204.35886,f,f
150.0193138,204.5798111,f,f
154.6755486,204.5007324,f,f
159.3221588,204.1898766,f,f
163.9513969,203.6793671,f,f
168.5554466,202.9784508,f,f
173.126297,202.0854111,f,f
177.6502838,200.9797516,f,f
182.10532,199.625,f,f
184.6585655,203.331089,f,f
187.5457497,206.9831505,f,f
190.7589188,210.3525543,f,f
194.2446518,213.4393921,f,f
197.9763641,216.2236938,f,f
201.9531403,218.6444397,f,f
206.190464,220.5681686,f,f
210.7017822,221.678154,f,f
215.3220139,221.3241882,f,f
219.7136154,219.7932892,f,f
223.8328934,217.6260071,f,f
227.7010422,215.0350189,f,f
231.3252945,212.1118546,f,f
234.6955338,208.8992691,f,f
237.7739487,205.406395,f,f
240.4875946,201.6241913,f,f
243.8512192,200.2573433,f,f
248.3401413,201.4963608,f,f
252.8867874,202.5043564,f,f
257.4735107,203.3108673,f,f
262.0891876,203.9283905,f,f
266.7264938,204.3530006,f,f
271.3787918,204.5673714,f,f
276.0353241,204.525692,f,f
280.6740494,204.1304474,f,f
285.214035,203.1234474,f,f
289.1293106,200.6893463,f,f
291.5539246,196.7519722,f,f
292.5158691,192.2103043,f,f
292.4222107,187.5608559,f,f
291.5599213,182.987957,f,f
290.0898132,178.5721054,f,f
288.0927963,174.3676491,f,f
289.7294159,172.0221939,f,f
294.1938477,170.6969452,f,f
298.5820389,169.1382599,f,f
302.8782883,167.3416519,f,f
307.0574417,165.2878151,f,f
311.0712738,162.928009,f,f
314.8248672,160.1757507,f,f
318.0688553,156.8472366,f,f
319.9610443,152.6508026,f,f
318.8043213,148.2292862,f,f
315.8024902,144.6876144,f,f
312.1557159,141.7969055,f,f
308.2007523,139.3400192,f,f
304.0618362,137.2062912,f,f
299.7953186,135.3398743,f,f
295.4309998,133.7157745,f,f
290.9865494,132.3251801,f,f
287.444397,130.7637138,f,f
289.581604,126.6285858,f,f
291.2051544,122.2664642,f,f
292.2489929,117.7312965,f,f
292.5809174,113.0917416,f,f
291.9524994,108.488596,f,f
289.9735413,104.3023701,f,f
286.4233093,101.360323,f,f
281.9616928,100.0700474,f,f
277.3367691,99.54242897,f,f
272.6817245,99.41489601,f,f
268.0274124,99.56356621,f,f
263.385025,99.93321609,f,f
258.7621384,100.4968719,f,f
254.1665344,101.2508831,f,f
249.6072998,102.2005424,f,f
245.0999756,103.3705807,f,f
241.1651306,103.488203,f,f
238.5741653,99.62138176,f,f
235.5883102,96.04992676,f,f
232.2952271,92.75818253,f,f
228.7395477,89.75208282,f,f
224.9399719,87.06162262,f,f
220.8932266,84.76099968,f,f
216.5792618,83.01855659,f,f
298.9845505,148.0945549,g,g
303.1274948,150.2129364,g,g
304.9918976,152.6795731,g,g
300.9346924,154.9567184,g,g
296.7150726,156.918499,g,g
292.382019,158.6154518,g,g
287.9555588,160.0510788,g,g
283.4480286,161.206749,g,g
278.8707809,162.0428886,g,g
274.2459717,162.5489693,g,g
270.4788284,165.0674133,g,g
269.5412369,169.5140266,g,g
271.9909821,173.3337669,g,g
275.2464371,176.6448402,g,g
277.7874603,180.537468,g,g
279.7138214,184.7700653,g,g
280.9963608,189.2381477,g,g
279.2080841,192.5228195,g,g
274.567688,192.8074226,g,g
269.9173126,192.6393776,g,g
265.2814026,192.2316017,g,g
260.6654739,191.6382599,g,g
256.0764847,190.8638153,g,g
251.5253983,189.8916855,g,g
247.0357437,188.6682434,g,g
242.6617661,187.0841293,g,g
238.282341,185.6582642,g,g
234.0811691,187.378643,g,g
232.1741486,191.5288315,g,g
230.1087418,195.6789627,g,g
227.2265472,199.3283577,g,g
223.9405594,202.6216812,g,g
220.3596573,205.5918236,g,g
216.4796982,208.1559753,g,g
212.1444244,209.7459373,g,g
207.7729416,208.2962341,g,g
203.8715134,205.765213,g,g
200.2734108,202.8157959,g,g
196.9679451,199.5419617,g,g
194.0534439,195.917984,g,g
191.9097137,191.8052177,g,g
190.1201324,187.5857239,g,g
186.0063705,185.6651649,g,g
181.6036224,186.970089,g,g
177.2400589,188.5822754,g,g
172.7553825,189.8236618,g,g
168.2074432,190.8102798,g,g
163.6201134,191.5948868,g,g
159.0057526,192.2002678,g,g
154.3708954,192.6192932,g,g
149.7211952,192.8061409,g,g
145.0771599,192.568161,g,g
142.9543495,189.522728,g,g
144.1858482,185.0408554,g,g
146.0755653,180.7917671,g,g
148.5759621,176.8725433,g,g
151.784153,173.5149956,g,g
154.4013939,169.7970505,g,g
153.6739273,165.3124542,g,g
150.0362396,162.6102524,g,g
145.415184,162.0833092,g,g
140.8340797,161.2685814,g,g
136.3216858,160.1320229,g,g
131.8901215,158.7121658,g,g
127.5510139,157.0309029,g,g
123.3235664,155.0860939,g,g
119.2530289,152.8326607,g,g
120.6213188,150.3556213,g,g
124.7541695,148.2176704,g,g
129.0227928,146.3648148,g,g
133.3954544,144.7727356,g,g
137.8558121,143.4459763,g,g
142.3931084,142.4136848,g,g
146.9945831,141.7241325,g,g
151.5117264,140.8074837,g,g
154.3051949,137.2319489,g,g
153.841938,132.7188683,g,g
150.6001816,129.422821,g,g
147.647686,125.8355103,g,g
145.3630905,121.7857666,g,g
143.6789322,117.4510536,g,g
142.8071671,112.8949432,g,g
146.6597633,111.2710266,g,g
151.3119125,111.2250385,g,g
155.9572983,111.5008812,g,g
160.5857582,111.9867115,g,g
165.1918106,112.6528378,g,g
169.7673531,113.5028591,g,g
174.2973824,114.5681324,g,g
178.750473,115.9175453,g,g
183.0422363,117.7091408,g,g
187.5660286,118.0447388,g,g
191.0357399,115.118885,g,g
192.5012016,110.7191067,g,g
194.9924774,106.7979031,g,g
198.0617714,103.30266,g,g
201.472683,100.1384945,g,g
205.1679115,97.31223869,g,g
209.1988411,94.99848366,g,g
213.6985321,94.5724144,g,g
217.844841,96.66124725,g,g
221.6157608,99.38495255,g,g
225.0994339,102.4687634,g,g
228.2675705,105.8751202,g,g
230.9490585,109.6720295,g,g
232.5257339,114.0222836,g,g
235.3523788,117.5705872,g,g
239.8547821,118.1312561,g,g
244.1377792,116.3215561,g,g
248.5614243,114.8802872,g,g
253.0759583,113.7513447,g,g
257.641716,112.8505173,g,g
262.240799,112.1388092,g,g
266.864212,111.6070137,g,g
271.5059357,111.2722282,g,g
276.1586456,111.2147388,g,g
280.7375412,111.8982372,g,g
280.6464691,116.3135109,g,g
279.1214523,120.7062912,g,g
276.9918671,124.8400116,g,g
274.2204514,128.5706825,g,g
270.8264542,131.7449875,g,g
269.47612,136.0708542,g,g
271.5235596,140.1260338,g,g
275.8272705,141.6143837,g,g
280.4425812,142.203125,g,g
284.9972839,143.1549644,g,g
289.4784012,144.4092026,g,g
293.8742828,145.9358101,g,g
298.1715851,147.7212601,g,g
215.7578735,184.1535263,h,h
220.3953629,183.7689476,h,h
224.9973526,183.0794411,h,h
229.5412292,182.0766182,h,h
234.0002594,180.7471352,h,h
238.3419189,179.0742607,h,h
242.5239563,177.0350723,h,h
246.492012,174.6068535,h,h
250.1728668,171.7631111,h,h
253.4663162,168.4795265,h,h
256.2419434,164.7496796,h,h
258.347084,160.6057167,h,h
259.6279526,156.1392136,h,h
259.9946671,151.5073891,h,h
259.4317551,146.8951683,h,h
257.9647598,142.4860115,h,h
255.7053528,138.4240685,h,h
252.8066101,134.7886925,h,h
249.4216766,131.5994415,h,h
245.6735306,128.8443794,h,h
241.65448,126.501133,h,h
237.434288,124.5423508,h,h
233.064682,122.9433136,h,h
228.5851212,121.6843262,h,h
224.0268707,120.7490921,h,h
219.4157486,120.1242218,h,h
214.7735214,119.803009,h,h
210.120182,119.7746048,h,h
205.4744301,120.039856,h,h
200.8555374,120.6055374,h,h
196.2851334,121.4796143,h,h
191.7882347,122.6750755,h,h
187.3949394,124.2077827,h,h
183.1426125,126.0958977,h,h
179.0806694,128.3637505,h,h
175.2733574,131.0365753,h,h
171.8101006,134.141243,h,h
168.8071365,137.691246,h,h
166.4122086,141.6751633,h,h
164.7824669,146.0269394,h,h
164.0421371,150.6136971,h,h
164.2289619,155.2564735,h,h
165.339325,159.7681808,h,h
167.2963333,163.983429,h,h
169.9556541,167.7965546,h,h
173.1608582,171.1656952,h,h
176.7747536,174.0940666,h,h
180.6942978,176.5999908,h,h
184.8402634,178.7110939,h,h
189.1545029,180.4532967,h,h
193.5937805,181.8473244,h,h
198.1235695,182.9121742,h,h
202.7163467,183.6595993,h,h
207.3484688,184.1027374,h,h
212,172.25,i,i
216.4872055,172.0875168,i,i
220.9499893,171.5938873,i,i
225.360611,170.7540054,i,i
229.6843262,169.544754,i,i
233.8762054,167.9381523,i,i
237.8689804,165.8878174,i,i
241.5564957,163.331459,i,i
244.7472687,160.1817818,i,i
247.0882492,156.3674316,i,i
248,152.0000114,i,i
247.0874481,147.6329231,i,i
244.7474747,143.8180923,i,i
241.5568161,140.6681976,i,i
237.869072,138.1121025,i,i
233.8761597,136.0620651,i,i
229.6843491,134.4553375,i,i
225.3606796,133.2458801,i,i
220.9501038,132.4057465,i,i
216.4872971,131.9119339,i,i
212.0000458,131.75,i,i
207.5128403,131.9124832,i,i
203.0500565,132.4061127,i,i
198.6394348,133.2459831,i,i
194.3157082,134.4552345,i,i
190.1238289,136.0618362,i,i
186.1310539,138.1121712,i,i
182.4435387,140.6685066,i,i
179.2527313,143.8182068,i,i
176.9117737,147.6325455,i,i
176,151.9999657,i,i
176.9125404,156.3670654,i,i
179.2525139,160.1819077,i,i
182.4431725,163.3318024,i,i
186.1309052,165.8878975,i,i
190.1238289,167.9379349,i,i
194.3156281,169.544651,i,i
198.6392975,170.7541199,i,i
203.0498848,171.5942535,i,i
207.5127029,172.0880661,i,i
